verb,count
have,4785
be,4772
make,4585
look,3895
say,3226
wear,3052
come,2917
do,2517
go,2205
show,2178
take,2152
see,1985
get,1594
feel,1551
work,1528
cut,1446
seem,1435
give,1398
want,1396
inspire,1246
use,1210
know,1087
turn,1075
include,1022
find,975
put,960
add,937
think,883
pair,822
create,813
play,809
drape,807
keep,794
knit,787
print,774
call,741
embroider,737
open,734
start,734
explain,689
design,661
mean,649
set,634
feature,616
become,589
tailor,587
leave,573
bring,552
fit,545
follow,542
dress,529
appear,513
love,505
stand,502
send,479
need,479
trim,477
move,475
offer,446
like,433
cover,432
build,428
grow,421
prove,420
run,419
begin,407
read,398
try,390
match,382
crop,374
fall,368
walk,367
close,367
let,364
hit,360
layer,354
suggest,348
pull,347
mix,342
present,342
wrap,336
strip,335
continue,332
focus,332
bead,329
top,329
reveal,325
waiste,321
produce,318
color,318
describe,317
shape,311
imagine,309
provide,306
paint,306
push,301
help,301
pick,300
end,296
base,295
hold,293
throw,290
miss,290
live,283
flare,271
tie,269
decorate,267
tell,266
carry,260
embellish,258
sound,257
develop,256
win,254
talk,252
draw,247
sell,247
tuck,246
watch,245
speak,243
choose,242
apply,240
ruffle,239
explore,238
block,237
sit,236
launch,233
happen,231
emerge,230
edge,229
line,228
sleeve,226
expect,223
serve,220
combine,220
weave,218
manage,211
break,210
mention,209
evoke,208
ask,206
bear,206
establish,205
remain,205
catch,204
belt,202
deliver,201
strike,198
lose,198
define,198
wash,194
introduce,194
translate,187
hang,187
stud,186
change,185
quilt,184
rise,183
sequine,182
consider,182
lead,180
gather,179
shoulder,177
stay,176
expose,174
meet,174
pay,173
point,173
construct,173
fly,172
dye,172
stick,170
pop,170
return,169
accessorize,169
spend,169
flow,169
echo,167
capture,167
style,165
stitch,165
emphasize,164
fill,163
visit,163
tiere,163
shearle,159
reflect,159
decide,156
buy,156
check,156
piece,156
trail,156
reference,156
float,155
mind,154
cinch,153
raise,152
form,151
hug,150
expand,150
pattern,149
rib,148
elongate,148
aim,146
celebrate,146
fringe,146
name,145
lay,144
appeal,142
achieve,141
finish,141
mark,141
allow,141
contrast,141
influence,139
incorporate,139
blow,139
accord,136
post,136
drive,136
note,136
forget,136
execute,133
pass,133
stop,132
suit,131
detail,131
experiment,131
drop,129
update,129
claim,127
arrive,127
resemble,127
save,126
extend,125
attach,124
roll,124
�,124
hear,124
ruche,123
fold,122
render,122
step,121
represent,121
reach,121
recall,121
slip,120
replace,119
believe,118
fade,118
wonder,117
remember,117
bond,116
borrow,115
cuff,115
pack,114
sweep,113
embrace,112
pleat,112
stretch,111
judge,111
cite,111
range,111
touch,111
bind,110
head,110
understand,110
skirt,110
shoot,109
back,108
place,107
treat,106
appreciate,106
whip,105
transform,105
face,104
sew,104
panel,104
lack,104
suspend,103
sculpt,103
channel,103
button,103
demonstrate,103
opt,102
conjure,102
hue,102
count,101
nip,101
-,101
express,101
spin,100
balance,100
graze,98
swing,98
deserve,97
insist,96
sport,96
learn,96
encrust,96
evolve,96
patchworke,95
avoid,94
riff,94
wait,93
convey,92
curve,92
travel,91
shade,91
par,90
texture,90
stag,90
toss,90
inject,89
accent,89
crochet,89
remind,89
dip,89
price,88
kick,88
shift,88
notice,87
accompany,86
recur,86
tap,86
require,86
soften,85
figure,85
pin,85
knot,85
skim,85
realize,85
deconstruct,84
plunge,84
splice,84
involve,84
tend,83
puff,83
join,82
mold,82
earn,82
seam,82
revisit,81
snap,81
craft,81
announce,81
peek,81
slash,81
maintain,81
hint,80
inset,80
enjoy,79
refine,79
clothe,79
prefer,79
display,79
intend,78
witness,78
share,78
mute,78
fray,78
cast,78
lift,78
lend,77
dangle,77
bar,77
breast,77
debut,77
oversize,77
multicolore,76
seek,75
taper,75
fuse,75
elevate,74
rely,74
promise,74
showcase,74
gild,73
write,73
pad,73
consist,73
march,73
trace,72
connect,72
slice,72
understate,72
own,72
receive,71
underscore,71
shine,71
control,71
resist,71
stamp,70
perform,70
hide,70
dot,70
abstract,70
enter,70
flutter,70
picture,69
veer,69
obsess,69
lace,69
star,68
flash,68
land,68
result,68
distract,67
collar,67
dominate,67
shirtdresse,67
billow,67
accomplish,66
guess,66
collage,66
square,66
nail,66
refer,66
compare,66
edit,65
re,65
succeed,65
elaborate,65
model,65
favor,65
declare,65
settle,65
fasten,64
jump,64
hop,64
crisscross,64
wish,64
abbreviate,63
seventie,63
mirror,63
invite,63
dance,63
sling,63
light,62
discover,62
braid,62
view,62
twist,61
score,61
approach,61
feather,61
merge,61
address,61
care,61
concentrate,61
marry,61
abandon,60
cause,60
rid,60
double,60
scatter,60
project,60
engineer,60
inform,60
derive,59
boil,59
sum,59
repeat,59
acknowledge,59
lie,59
inflect,58
neck,58
round,58
cross,58
brush,58
belong,58
exist,57
tone,57
guarantee,57
crinkle,57
confirm,57
adorn,56
burn,56
force,56
study,56
dub,56
benefit,56
recognize,55
dream,55
spot,55
please,55
rework,55
sing,55
grab,55
glitter,55
destine,54
saturate,54
attract,54
contribute,54
weigh,54
sparkle,54
interpret,54
zip,53
boast,53
tweak,53
indulge,53
steer,53
felt,52
lighten,52
title,52
shrug,52
lean,52
filter,52
prevail,52
admit,52
heel,52
compose,51
matter,51
trade,51
swirl,51
pile,51
hone,51
smile,51
team,51
frame,51
relate,51
stack,50
struggle,50
gown,50
shake,50
spell,50
graduate,50
perforate,50
explode,50
found,49
hem,49
strew,49
up,49
emblazon,49
handle,49
highlight,49
train,49
separate,49
challenge,49
enhance,48
die,48
pose,48
reinterpret,48
progress,48
overlay,48
shrink,48
ground,48
reappear,47
dazzle,47
shop,47
increase,47
skip,47
coat,47
integrate,46
streamline,46
hire,46
split,46
yield,46
oppose,46
reinforce,46
scallop,46
scale,46
associate,45
patch,45
attend,45
parade,45
subdue,45
greet,44
collaborate,44
cascade,44
spill,44
relax,44
absorb,44
manipulate,44
skew,44
bejewel,44
splash,44
pip,44
shred,44
surround,44
buckle,44
carve,44
band,44
jewel,44
veil,43
anchor,43
infuse,43
circle,43
mimic,43
thank,43
loosen,43
escape,43
gain,43
ring,42
demand,42
complete,42
eat,42
press,42
plan,42
hope,42
support,42
propose,42
limit,42
perch,41
insert,41
theme,41
divide,41
articulate,41
nod,41
mine,41
rock,41
temper,41
argue,41
hurt,41
report,41
flounce,41
generate,40
burst,40
morph,40
vary,40
comprise,40
owe,40
beat,40
obscure,40
suede,40
disappoint,40
stalk,40
scream,40
linger,40
act,40
assure,40
listen,39
frille,39
punctuate,39
employ,39
revive,39
drag,39
attenuate,39
rule,39
stray,39
assemble,39
tower,38
ignore,38
ensure,38
photograph,38
sprout,38
contain,38
lacquer,38
shimmer,38
retain,38
attempt,38
complement,37
loop,37
embody,37
crave,37
fashion,37
flip,37
source,37
engage,37
deny,37
tip,37
glow,37
deal,37
distinguish,37
knock,37
sole,37
punch,37
tweed,37
rip,37
stock,36
venture,36
strap,36
worry,36
scoop,36
stuff,36
polish,36
laugh,36
string,36
juxtapose,36
revolve,36
click,36
perfect,36
tear,36
stain,36
qualify,36
devote,36
smother,36
sign,36
bloom,36
remove,35
intersperse,35
convince,35
dare,35
indicate,35
assume,35
structure,35
adapt,35
clash,35
short,35
descend,35
search,35
welcome,35
ripple,35
emboss,35
reinvent,35
sprinkle,35
sense,35
spark,35
resonate,35
shin,34
compete,34
mismatch,34
uptown,34
blossom,34
shirr,34
guide,34
accentuate,34
admire,34
sharpen,34
blend,34
satisfy,34
gleam,34
slit,34
brim,34
corset,33
suffer,33
stride,33
hew,33
reprise,33
restrain,33
advance,33
err,33
suppose,33
switch,33
stomp,33
reconfigure,33
dedicate,33
flatter,33
peel,33
blame,33
communicate,32
retro,32
crush,32
toy,32
swathe,32
tick,32
depend,32
trick,32
pluck,32
illustrate,32
agree,32
modernize,32
load,32
arrange,32
thread,32
acquire,32
invert,32
strut,32
disappear,32
swoop,31
heighten,31
fail,31
duplicate,31
trot,31
outfit,31
spread,31
respond,31
chalk,31
fight,31
kill,31
underline,31
refresh,31
signal,31
encourage,31
collect,31
state,31
identify,31
teach,31
ting,30
laminate,30
hand,30
center,30
pursue,30
adore,30
lavish,30
rest,30
dig,30
wander,30
shear,30
drawstre,30
steal,30
conceive,30
cheer,30
cling,30
delve,30
border,30
swingy,29
dash,29
hammer,29
stumble,29
operate,29
swag,29
invent,29
seize,29
glaze,29
test,29
appoint,29
scrap,29
exemplify,29
bleach,29
tune,29
charge,29
trap,29
root,29
occupy,29
reimagine,29
wax,28
burnish,28
stream,28
corduroy,28
breathe,28
stir,28
dust,28
surface,28
ampe,28
lounge,28
overlook,28
account,28
dissolve,28
peg,28
bubble,28
direct,28
angle,28
part,28
tease,28
chop,28
waft,28
hover,28
bow,28
patchwork,27
aspire,27
assert,27
last,27
clean,27
segue,27
proceed,27
rubberize,27
seduce,27
position,27
instal,27
stroll,27
joke,27
wind,27
shed,27
garner,26
shy,26
multilayere,26
honor,26
undulate,26
defy,26
marle,26
exaggerate,26
adopt,26
cue,26
invoke,26
bounce,26
melt,26
deploy,26
induce,26
threaten,26
front,26
thrill,26
surprise,26
envision,26
prepare,26
snake,26
compound,26
slouch,26
meld,26
broaden,26
experience,26
trust,25
reduce,25
seat,25
pour,25
precede,25
scribble,25
quote,25
register,25
glide,25
imply,25
teeter,25
neglect,25
suffice,25
bustle,25
drench,25
reproduce,25
polka,25
characterize,25
file,25
screen,25
grasp,24
grant,24
pioneer,24
cutout,24
trigger,24
slick,24
forgive,24
mess,24
equip,24
resolve,24
exude,24
spiral,24
sex,24
observe,24
cocoon,24
adjust,24
proportion,24
impress,24
answer,24
blur,24
bet,24
warm,24
delight,24
swish,24
possess,23
clutch,23
bisect,23
tempt,23
tint,23
amplify,23
sink,23
release,23
eschew,23
drift,23
impose,23
endure,23
shave,23
hark,23
commission,23
creep,23
pintucke,23
populate,23
alternate,23
surrender,23
tattere,23
smock,23
link,23
invest,23
fare,23
mount,23
wink,23
mesmerize,23
inch,23
tassele,23
trip,23
rush,23
dim,23
pitch,23
illuminate,23
formfitte,23
beg,22
transport,22
outline,22
function,22
summon,22
depict,22
relaunche,22
allude,22
renew,22
encapsulate,22
magnify,22
dictate,22
haunt,22
bunch,22
elasticize,22
flap,22
dispense,22
justify,22
pump,22
specialize,22
rave,22
finesse,22
clarify,22
discuss,22
dissect,22
crack,22
overwhelm,22
propel,21
extract,21
race,21
glance,21
brand,21
pliss,21
embed,21
shirt,21
muse,21
perk,21
flower,21
promote,21
protect,21
underpin,21
research,21
flock,21
reiterate,21
mingle,21
reign,21
alter,21
crystallize,21
cap,20
implant,20
exit,20
liven,20
reserve,20
mesh,20
wield,20
climb,20
encompass,20
festoon,20
overlap,20
rein,20
key,20
cord,20
distil,20
wove,20
dial,20
afford,20
blouse,20
destroy,20
belove,20
rev,20
date,20
concern,20
spring,20
burgeon,20
shock,20
master,20
encounter,19
lure,19
offset,19
fix,19
list,19
pace,19
narrow,19
pixelate,19
host,19
free,19
coordinate,19
dapple,19
practice,19
tackle,19
restrict,19
thrive,19
womenswear,19
plant,19
envelop,19
insinuate,19
breeze,19
seal,19
survive,19
anticipate,19
pretend,19
cool,19
feed,19
buzz,19
reverse,19
respect,19
soar,19
rub,19
compromise,19
remark,18
lengthen,18
cable,18
intrigue,18
interrupt,18
toughen,18
outerwear,18
extrapolate,18
evidence,18
wave,18
slow,18
pronounce,18
upgrade,18
recast,18
solve,18
reclaim,18
ramp,18
clear,18
loan,18
flavor,18
affirm,18
coil,18
deflate,18
tool,18
power,18
sustain,18
cycle,18
charm,18
improve,18
copy,18
detract,18
unfold,18
approve,18
don,18
suck,18
array,18
order,18
wrinkle,18
passementerie,18
twirl,18
bedeck,18
refuse,17
desire,17
forge,17
revert,17
confront,17
measure,17
complain,17
contemplate,17
encase,17
reward,17
chase,17
ish,17
amount,17
hunt,17
span,17
cre,17
command,17
stage,17
jam,17
affix,17
spare,17
unify,17
jib,17
incline,17
label,17
groundbreake,17
chart,17
sacrifice,17
tack,17
harness,17
wake,17
loom,17
glint,17
spray,17
conceal,17
sail,17
bother,17
question,17
storm,17
designer,17
select,17
exercise,17
peplume,17
poke,16
ravish,16
commit,16
capitalize,16
hybridize,16
hate,16
flirt,16
recapture,16
entrance,16
peak,16
gravitate,16
scrub,16
stylize,16
unravel,16
court,16
stake,16
freeze,16
supply,16
transition,16
suspect,16
enthuse,16
sear,16
hail,16
branch,16
ornament,16
rumple,16
provoke,16
ride,16
partner,16
puzzle,16
leaven,16
sleep,16
overwork,16
accommodate,16
pucker,16
fault,16
jut,16
fuss,16
negotiate,16
flute,16
glisten,16
redefine,16
confuse,16
underlie,16
exclaim,16
synthesize,16
captivate,16
infect,16
reject,16
wound,16
curl,16
smooth,15
plumb,15
jettison,15
fuel,15
tufte,15
ditch,15
shorn,15
preoccupy,15
prompt,15
schedule,15
rethink,15
pocket,15
latch,15
bell,15
manifest,15
deck,15
breed,15
hobble,15
grip,15
navigate,15
twinkle,15
credit,15
shiver,15
co,15
crash,15
fling,15
energize,15
occur,15
mistake,15
blind,15
scroll,15
sponsor,15
locate,15
variegate,15
raid,15
discern,15
soak,15
sashe,15
belie,15
vamp,15
excel,15
reconsider,15
swear,15
imbue,15
compel,15
outsize,15
weather,15
strive,15
comment,15
poise,15
pinch,15
mash,15
flaunt,15
hood,15
slither,14
transpose,14
tulip,14
reel,14
predict,14
entitle,14
quibble,14
betray,14
subvert,14
confound,14
retire,14
overshadow,14
unleash,14
lurk,14
frock,14
jibe,14
clock,14
determine,14
fleck,14
proclaim,14
depart,14
simplify,14
checker,14
calculate,14
animate,14
roam,14
abound,14
kiss,14
publish,14
rotate,14
handcraft,14
slimme,14
smoke,14
enchant,14
swagger,14
tout,14
unzip,14
lighthearte,14
crowd,14
dishevel,14
bend,14
helm,14
stress,14
blast,14
preserve,14
conclude,14
cry,14
chunky,14
clasp,14
balloon,14
slouchy,14
bless,14
bone,14
waste,14
customize,14
bag,14
tot,14
devise,13
vibe,13
enlist,13
await,13
rattle,13
ease,13
ponder,13
confine,13
age,13
undo,13
advise,13
seep,13
tread,13
accept,13
bristle,13
park,13
uncompromise,13
materialize,13
drip,13
ladylike,13
oblige,13
breathtake,13
zipper,13
lock,13
couple,13
applaud,13
fascinate,13
restore,13
recycle,13
counter,13
hack,13
encircle,13
congratulate,13
reply,13
cultivate,13
eliminate,13
bedazzle,13
sort,13
cancel,13
constitute,13
align,13
soundtracke,13
digitize,13
modify,13
entertain,13
zero,13
jazz,13
glorify,13
dismiss,13
pause,13
vie,13
permeate,13
radiate,13
reconstruct,13
condense,13
superimpose,13
fire,13
cater,13
muster,13
merit,13
enliven,13
shout,13
sashay,13
fan,13
lunch,13
skimp,12
assist,12
sweat,12
pinstripe,12
zigzag,12
lash,12
slink,12
fixate,12
plasticize,12
swap,12
gray,12
topstitche,12
convert,12
alienate,12
retrieve,12
arrest,12
petale,12
spangle,12
examine,12
he?s,12
scissor,12
exact,12
disguise,12
trump,12
nudge,12
muddle,12
mask,12
replicate,12
ruin,12
sneak,12
criticize,12
sketch,12
sip,12
parse,12
feminize,12
drink,12
chat,12
smash,12
crumple,12
exert,12
nestle,12
flatten,12
beam,12
snag,12
cage,12
leaf,11
situate,11
organize,11
behave,11
revel,11
wipe,11
appropriate,11
consume,11
ward,11
spatter,11
haute,11
speed,11
rank,11
weight,11
darken,11
plat,11
isolate,11
bump,11
glean,11
page,11
rim,11
etch,11
sway,11
transpire,11
categorize,11
surf,11
trend,11
smack,11
flirty,11
petticoate,11
elicit,11
attribute,11
prevent,11
hitch,11
verge,11
champion,11
zoom,11
silk,11
crust,11
dovetail,11
dsquare,11
sizzle,11
entail,11
pound,11
refocus,11
regard,11
clamor,11
refract,11
motivate,11
affect,11
consolidate,11
jostle,11
pool,11
brocade,11
discipline,11
romance,11
correct,11
batwe,11
befit,11
diffuse,11
evaporate,11
arc,11
smudge,11
sandwich,11
droop,11
strain,11
straddle,11
sublimate,10
arm,10
flex,10
glue,10
shadow,10
flick,10
clap,10
slop,10
marvel,10
forgo,10
blare,10
culminate,10
overpower,10
resurrect,10
confess,10
exalt,10
empower,10
secure,10
attack,10
shimmy,10
tent,10
silhouette,10
originate,10
falter,10
differentiate,10
blaze,10
truss,10
recruit,10
adhere,10
quit,10
film,10
ravage,10
arch,10
crinoline,10
subject,10
craze,10
broadcast,10
web,10
cost,10
reaffirm,10
frog,10
evince,10
value,10
wedge,10
cull,10
approximate,10
repurpose,10
exhibit,10
squeeze,10
document,10
scratch,10
lower,10
hat,10
flit,10
fledge,10
accuse,10
predominate,10
reconcile,10
woo,10
book,10
liken,10
boost,10
emulate,10
transmogrify,10
slide,10
abide,10
unite,10
sample,10
water,10
mermaid,10
bury,10
overarch,10
antique,10
rear,10
fear,10
transcend,10
rouse,10
dressmake,10
reckon,10
bridge,10
whisper,10
remixe,10
club,10
brave,10
scrawl,10
calm,10
orient,10
bibbe,10
bust,10
target,9
cocktail,9
sleek,9
cod,9
unveil,9
pink,9
plait,9
symbolize,9
coincide,9
eye,9
clinch,9
compress,9
attest,9
equate,9
clip,9
bite,9
concede,9
fulfil,9
record,9
bogge,9
relegate,9
gesture,9
wire,9
utter,9
orchestrate,9
starve,9
unhinge,9
long,9
flicker,9
conspire,9
hook,9
party,9
crimp,9
gush,9
intersect,9
thrust,9
glimpse,9
counterpoint,9
torture,9
tether,9
rival,9
diminish,9
jolt,9
tweet,9
soothe,9
spur,9
churn,9
gear,9
rustle,9
supersize,9
rough,9
inspect,9
tighten,9
flank,9
widen,9
regain,9
fret,9
tilt,9
intuit,9
drown,9
track,9
jacquard,9
cardigan,9
fancy,9
furnish,9
entice,9
dart,9
yearn,9
retool,9
streak,9
cowl,9
purchase,9
advertise,9
consult,9
rat,9
flee,9
plume,9
jacket,9
counterbalance,9
fetishize,9
slot,9
sigh,9
nurture,9
attain,9
immerse,9
stifle,9
circa,9
glimmer,9
construe,9
peep,9
whisk,9
erupt,9
pant,9
leap,9
curate,9
manufacture,9
clue,9
nominate,9
reanimate,8
prance,8
kid,8
relocate,8
retail,8
viscose,8
oversee,8
detect,8
swimsuit,8
contrive,8
unbutton,8
pie,8
traverse,8
flag,8
belabor,8
brood,8
stiffen,8
crease,8
infiltrate,8
rag,8
innovate,8
masquerade,8
fishtail,8
reverberate,8
utilize,8
time,8
interlock,8
prop,8
revamp,8
tarnish,8
gird,8
comfy,8
crumble,8
nix,8
collapse,8
mature,8
scare,8
inherit,8
whittle,8
rain,8
dive,8
reshape,8
pore,8
doubt,8
speckle,8
air,8
trouble,8
augment,8
near,8
brighten,8
participate,8
stint,8
ratchet,8
multitaske,8
shove,8
poufe,8
forbid,8
enthral,8
scramble,8
disrupt,8
disconcert,8
splatter,8
gap,8
sculpture,8
undergo,8
spice,8
initiate,8
profess,8
multihue,8
spy,8
legge,8
collide,8
distort,8
bore,8
roar,8
mottle,8
inlay,8
grommete,8
side,8
usher,8
complicate,8
fathom,8
heed,8
plunder,8
transmit,8
impart,8
visualize,8
jade,8
silver,8
croon,8
persist,8
kitte,8
bundle,8
oxidize,8
swarm,8
fetch,8
covet,8
vibrate,8
plug,8
fame,8
dispel,8
term,8
rack,7
reside,7
uplift,7
hardworke,7
outdo,7
calibrate,7
personify,7
de,7
bestow,7
reposition,7
field,7
exhaust,7
unembellishe,7
spike,7
parachute,7
pulsate,7
banish,7
devolve,7
bandy,7
waver,7
further,7
duel,7
heat,7
soup,7
tile,7
mutate,7
suffocate,7
issue,7
swim,7
bang,7
stagger,7
martin,7
enable,7
gussie,7
lasere,7
spar,7
lick,7
amp,7
spoil,7
pique,7
hike,7
ooze,7
sage,7
ignite,7
begrudge,7
disembody,7
juice,7
fund,7
rediscover,7
augur,7
battle,7
embark,7
dull,7
grace,7
sidestep,7
forsake,7
dry,7
inflate,7
dabble,7
carpet,7
overcome,7
chambray,7
assimilate,7
educate,7
sportswear,7
premise,7
summarize,7
donate,7
pierce,7
merchandise,7
plaid,7
brace,7
pare,7
enlarge,7
course,7
dwell,7
wing,7
sprawl,7
pan,7
submerge,7
persuade,7
suppress,7
risk,7
house,7
conquer,7
bodysuit,7
shutter,7
corral,7
snare,7
ransack,7
bill,7
foil,7
boggle,7
saunter,7
react,7
ize,7
telegraph,7
amass,7
climax,7
handmade,7
',7
clog,7
muss,7
lattice,7
wow,7
airbrush,7
intimidate,7
unearth,7
tag,7
downplay,7
patternmake,7
renovate,7
defeat,7
shatter,7
transfer,7
lense,6
withstand,6
showstoppe,6
numb,6
daunt,6
nab,6
undercut,6
dissipate,6
sock,6
wilt,6
rescue,6
smell,6
laud,6
excise,6
scavenge,6
intensify,6
scan,6
cluster,6
ooh,6
froth,6
preppe,6
cradle,6
excuse,6
decay,6
powder,6
jangle,6
worship,6
distance,6
smear,6
snug,6
galvanize,6
skate,6
preside,6
swallow,6
correspond,6
cherish,6
funnel,6
divert,6
freshen,6
liberate,6
bath,6
warn,6
station,6
rumor,6
rap,6
launder,6
hourglass,6
crawl,6
gauge,6
multiply,6
citify,6
rent,6
request,6
clot,6
number,6
dog,6
bifurcate,6
gel,6
treasure,6
pen,6
reassure,6
codify,6
tan,6
lapelle,6
swaddle,6
tail,6
connote,6
yellow,6
protrude,6
displace,6
comb,6
staple,6
sprig,6
effortless,6
shroud,6
reintroduce,6
preach,6
trickle,6
pulse,6
bob,6
import,6
cloy,6
toe,6
cheste,6
distill,6
shorten,6
unsettle,6
jog,6
diversify,6
crescendo,6
ble,6
shelve,6
bop,6
cement,6
harden,6
dolle,6
strand,6
pigeonhole,6
cavort,6
uphold,6
imitate,6
black,6
orange,6
activate,6
endear,6
taste,6
surge,6
recover,6
airy,6
bud,6
mint,6
kindre,6
warp,6
delineate,6
spawn,6
wardrobe,6
coexist,6
prim,6
ship,6
man,6
remade,6
blush,6
trumpet,6
cohere,6
iron,6
process,6
mill,6
tangle,6
pepper,6
bleed,6
redesign,6
writ,6
constrict,6
envisage,6
plague,6
chance,6
regroup,6
chiffon,6
shut,6
remodel,5
sheathe,5
maximize,5
grapple,5
detach,5
storytelle,5
conform,5
choke,5
astonish,5
slat,5
interweave,5
unfurl,5
polarize,5
exploit,5
narrate,5
contradict,5
lodge,5
pieces?like,5
transfigure,5
finance,5
pille,5
sexy,5
sniff,5
overdo,5
drain,5
dwindle,5
limn,5
redo,5
level,5
vacate,5
bolt,5
boom,5
cheek,5
wreathe,5
quip,5
scaffold,5
reemerge,5
transplant,5
resume,5
freewheel,5
nick,5
amuse,5
jar,5
deviate,5
demur,5
disturb,5
cease,5
shriek,5
smolder,5
manicure,5
enrich,5
diverge,5
stab,5
gore,5
cloak,5
improvise,5
swell,5
beribbone,5
malign,5
maid,5
scorch,5
milkmaid,5
bomb,5
stabilize,5
heave,5
deposit,5
coax,5
mull,5
overprint,5
resuscitate,5
analyze,5
interfere,5
cleanse,5
erase,5
paste,5
popularize,5
cook,5
rechristene,5
giggle,5
slam,5
anoint,5
frustrate,5
paraphrase,5
fish,5
signify,5
redress,5
bobble,5
groom,5
bloodre,5
excite,5
resign,5
stare,5
refashion,5
pal,5
magicke,5
overthink,5
murder,5
probe,5
market,5
overtake,5
dickey,5
screw,5
harbor,5
razor,5
cram,5
debate,5
peach,5
reinvigorate,5
bandage,5
whipstitche,5
overcomplicate,5
subtract,5
override,5
perceive,5
discombobulate,5
brew,5
karate,5
disagree,5
surpass,5
tamp,5
slog,5
distribute,5
object,5
spirit,5
rivet,5
crunch,5
rehash,5
chew,5
quicken,5
scandalize,5
contour,5
poet,5
quiver,5
decamp,5
shell,5
rifle,5
resort,5
shuffle,5
relish,5
cute,5
cotta,5
pervade,5
intercut,5
sible,5
portray,5
discard,5
blank,5
tumble,5
log,5
whiz,5
retreat,5
disintegrate,5
decipher,5
chartreuse,5
doodle,5
pave,5
loopy,5
costume,5
skewer,5
conduct,5
grind,5
clomp,5
sweeten,5
cloud,5
unforgive,5
salvage,5
rig,5
distress,5
lop,5
unfinishe,5
sophisticate,5
gloss,5
rugge,5
grunge,5
he?,5
jingle,4
enamor,4
armor,4
cushion,4
resurface,4
aforementione,4
outnumber,4
dumbe,4
hippe,4
crown,4
rebuild,4
refrain,4
rail,4
compliment,4
bookende,4
underestimate,4
stencil,4
finger,4
limbe,4
bodice,4
crest,4
wend,4
hunker,4
floral,4
synchronize,4
compile,4
perpetuate,4
minimize,4
twin,4
outweigh,4
grin,4
buff,4
tiptoe,4
scrutinize,4
unpack,4
misplace,4
intervene,4
overexpose,4
splotch,4
seed,4
damn,4
classify,4
avert,4
frizz,4
splinter,4
bowl,4
overextend,4
aid,4
chisel,4
rummage,4
ladder,4
oil,4
signpost,4
sap,4
recommend,4
cop,4
recut,4
stoke,4
orbit,4
girlish,4
dresses?and,4
suspendere,4
blue,4
infatuate,4
notch,4
groove,4
map,4
trapeze,4
interest,4
avow,4
rocker,4
recutte,4
revitalize,4
cope,4
prod,4
uncover,4
epaulette,4
rebel,4
garb,4
swipe,4
zinge,4
punke,4
revere,4
mitigate,4
whack,4
flake,4
steep,4
gasp,4
service,4
ensue,4
herald,4
differ,4
dove,4
parlay,4
alchemize,4
traffic,4
cannibalize,4
stirrup,4
fox,4
conceptualize,4
burden,4
task,4
praise,4
boucl,4
simmer,4
relieve,4
group,4
christen,4
invade,4
digest,4
foreshadow,4
camouflage,4
store,4
riddle,4
aerate,4
varnish,4
migrate,4
savor,4
endorse,4
twentysomethe,4
sneer,4
staid,4
rally,4
factor,4
gallop,4
tousle,4
plop,4
elect,4
mourn,4
obliterate,4
soign,4
girlfriend,4
snip,4
wig,4
pit,4
runway,4
award,4
ebb,4
hanker,4
ze,4
menswear,4
buck,4
enamel,4
scupper,4
stun,4
starch,4
subsume,4
ethereal,4
equal,4
teem,4
catapult,4
gaze,4
protest,4
luxe,4
estimate,4
peacoat,4
redirect,4
freak,4
bottom,4
immaculate,4
anorak,4
urge,4
disorient,4
bronze,4
reconnect,4
outgrow,4
swoon,4
thrash,4
throng,4
worst,4
vacation,4
emanate,4
assign,4
scrunch,4
patinate,4
beget,4
spit,4
ensemble,4
wise,4
deprive,4
slap,4
stroke,4
fie,4
amble,4
compensate,4
boot,4
inhabit,4
lust,4
rematerialize,4
bruise,4
overthinke,4
preclude,4
jumble,4
fool,4
mince,4
vote,4
gridde,4
wail,4
meander,4
accumulate,4
glamme,4
conflict,4
lavender,4
publicize,4
spotlight,4
undermine,4
twenty8twelve,4
ogle,4
duck,4
configure,4
reassert,4
furl,4
texturize,4
plaster,4
dilute,4
posit,4
subscribe,4
deem,4
inscribe,4
overflow,4
curse,4
trash,4
intone,4
rejuvenate,4
sag,4
bemuse,4
kilt,4
saccharine,4
brandish,4
hype,4
reap,4
concur,4
cleave,4
stem,4
mass,4
salute,4
red,4
overdye,4
vent,4
repel,4
homespun,4
tickle,4
maroon,4
suggestive,4
untie,4
catalog,4
upstage,4
writhe,4
tug,4
remake,4
tr,4
girl,4
itch,4
comprehend,4
chuckle,4
bulk,4
pappe,4
bid,4
sundress,4
swamp,4
reissue,4
graft,4
chandeliere,4
trek,3
marigold,3
trompe,3
rename,3
interview,3
cruise,3
voice,3
spruce,3
contest,3
shower,3
bask,3
survey,3
net,3
fuck,3
baffle,3
wager,3
miniaturize,3
chirp,3
exchange,3
skimpy,3
converge,3
discount,3
tattooed,3
batter,3
school,3
degenerate,3
disorder,3
deter,3
doom,3
elasticate,3
skinny,3
pine,3
ponytaile,3
ornate,3
hurry,3
barrel,3
fleur,3
endow,3
constrain,3
exacerbate,3
thine,3
epitomize,3
gabardine,3
girdle,3
mar,3
tactile,3
st?rk,3
handworke,3
fence,3
intoxicate,3
hedge,3
ice,3
pre,3
bode,3
multitiere,3
preen,3
reassemble,3
personalize,3
splay,3
mock,3
guard,3
imprint,3
brunch,3
handpicke,3
verve,3
extoll,3
skirts?were,3
testify,3
diagnose,3
crane,3
rearrange,3
marshal,3
bake,3
troll,3
second,3
stiffer,3
unprepossesse,3
prettify,3
furstenberg?s,3
engrave,3
tantalize,3
tat,3
wholesale,3
scar,3
mythologize,3
fro,3
upend,3
gutte,3
damage,3
sordid,3
nibble,3
extrude,3
saw,3
confide,3
certify,3
single,3
assess,3
sand,3
mire,3
transmute,3
hippie,3
proffer,3
endeavor,3
wreak,3
artist,3
blisse,3
appease,3
dodge,3
wheel,3
accelerate,3
strapless,3
suffuse,3
green,3
cros,3
tote,3
leverage,3
quiet,3
intern,3
plummet,3
flourish,3
commence,3
troop,3
intarsia'd,3
outpace,3
thepoint,3
wrangle,3
hole,3
opine,3
scour,3
wanna,3
home,3
clank,3
heart,3
texte,3
darn,3
escalate,3
ribbone,3
swivel,3
relinquish,3
tingle,3
bank,3
sate,3
mangle,3
defend,3
rarifie,3
debase,3
scoot,3
plot,3
enforce,3
idealize,3
browse,3
reconfirm,3
glare,3
rose,3
jell,3
dismantle,3
totter,3
infer,3
fur,3
reconnecte,3
crank,3
cle,3
prowl,3
whet,3
deejay,3
toile,3
predate,3
overstitche,3
deepen,3
blink,3
review,3
expend,3
adventure,3
concoct,3
snatch,3
ascribe,3
elbow,3
dread,3
tame,3
aswirl,3
institute,3
snuck,3
debosse,3
metallicize,3
throb,3
fabricate,3
stiffly,3
hiss,3
bolder,3
wan,3
ban,3
blanch,3
chill,3
fagot,3
addle,3
reek,3
abet,3
fesse,3
juggle,3
lapse,3
reemphasize,3
tiger,3
vanish,3
lip,3
comfort,3
strum,3
d_shabill,3
mainstream,3
marcel,3
heap,3
glove,3
dramatize,3
sift,3
suss,3
charcoal,3
shuttle,3
jumpsuit,3
pearlize,3
repay,3
expire,3
paillette,3
hoof,3
glower,3
ace,3
instigate,3
foot,3
muscle,3
puddle,3
crossbreed,3
howl,3
reform,3
sable,3
hustle,3
tolerate,3
eke,3
dematerialize,3
zap,3
zagge,3
swanne,3
sunshine,3
rewrite,3
thirtie,3
cramp,3
strengthen,3
bicolore,3
-inspire,3
tour,3
overscale,3
alert,3
ply,3
garland,3
humor,3
audition,3
decline,3
fulfill,3
sympathize,3
tunnel,3
acquaint,3
labor,3
vex,3
spellbind,3
interact,3
reason,3
premier,3
catnip,3
advocate,3
squint,3
lob,3
garnish,3
pray,3
militate,3
resent,3
impend,3
peer,3
earsplitte,3
it?wa,3
recap,3
satin,3
logoe,3
funk,3
blousone,3
lament,3
organza,3
modulate,3
seethe,3
entwine,3
stonewash,3
and?new,3
traipse,3
f?te,3
pun,3
unalloye,3
streetwear,3
incentivize,3
phrase,3
coif,3
chatter,3
vacillate,3
offbeat,3
recite,3
curlicue,3
sterilize,3
wreck,3
gift,3
deflect,3
slipdresse,3
glam,3
panic,3
warrant,3
misjudge,3
sheet,3
emit,3
whalebone,3
dab,3
sunglasse,3
script,3
rainbow,3
word,3
ungaro,3
delete,3
pledge,3
extraordinaire,3
evaluate,3
douse,3
electrify,3
caress,3
queue,3
drum,3
leapt,3
birth,3
disperse,3
boudoir,3
mutter,3
relive,3
bandeaux,2
neckline,2
snaffle,2
rhyme,2
can,2
denote,2
peruse,2
appliqu?e,2
chevrone,2
seafare,2
unerre,2
sunbathe,2
enclose,2
superstructure,2
pounce,2
encumber,2
spoof,2
rage,2
convolute,2
combat,2
chime,2
ameliorate,2
ham,2
surefire,2
principessa,2
pistachio,2
capelet,2
fluff,2
parch,2
steam,2
perfecto,2
whorle,2
conspirator,2
allege,2
skirt?wa,2
reshuffle,2
moot,2
overdesigne,2
dampen,2
turbane,2
backdrop,2
out,2
consign,2
collection?which,2
misfire,2
groan,2
glamorize,2
board,2
flummox,2
vindicate,2
trim?wa,2
exceed,2
wobble,2
realign,2
smirk,2
serenade,2
hoe,2
whoosh,2
fevere,2
cozye,2
exclude,2
circulate,2
binx,2
chillaxe,2
unflinche,2
minute,2
discourage,2
disarm,2
ram,2
boyish,2
sever,2
tungsten,2
unbowe,2
appliqu_d,2
would?ve,2
marbleize,2
mulch,2
olive,2
plush,2
solidify,2
debauch,2
plunk,2
strangle,2
sequence,2
slush,2
reattache,2
rasp,2
discomforte,2
san,2
nag,2
twentie,2
jigsawe,2
vulgar,2
ghesqui?re,2
pom,2
shipwreck,2
cheat,2
refabricate,2
hunch,2
cantilever,2
snowboard,2
goodness,2
entrench,2
curvy,2
sc?ne,2
overembellish,2
eveningwear,2
purr,2
withdraw,2
alleviate,2
sack,2
overindulge,2
wristband,2
eclipse,2
idle,2
skort,2
crib,2
fizzle,2
inflict,2
smuggle,2
weaken,2
show?even,2
redeem,2
fortify,2
gaga,2
upstande,2
catwalk,2
verland,2
nurse,2
hipper,2
reorder,2
goose,2
mellow,2
naughty,2
hinge,2
saddle,2
holler,2
tuning,2
punk,2
sponge,2
cotton,2
premiere,2
hamper,2
repose,2
un,2
dope,2
package,2
perplex,2
hum,2
chinoiserie,2
straiten,2
matte,2
dish,2
fuzze,2
clientele,2
crass,2
litter,2
sleeves?wa,2
reformulate,2
rehabbe,2
disavow,2
literalize,2
hound,2
refute,2
vault,2
reinstate,2
flood,2
loll,2
arise,2
trendsette,2
rope,2
row,2
contort,2
pervert,2
enumerate,2
untethere,2
seductive,2
zigge,2
harmonize,2
wriggle,2
season,2
sideline,2
reincarnate,2
white,2
electrocute,2
lush,2
clone,2
query,2
trellis,2
cheapen,2
rake,2
susse,2
leisure,2
commercialize,2
references?like,2
counterpoise,2
chafe,2
sanction,2
crackle,2
admonish,2
croak,2
enunciate,2
misbehave,2
dilapidate,2
discontinue,2
budge,2
counteract,2
denude,2
bottleneck,2
dun,2
leopard,2
stone,2
amphetaminize,2
coast,2
infantilize,2
watershe,2
gun,2
meditate,2
tussle,2
techno,2
dump,2
overestimate,2
weld,2
elements?often,2
twinset,2
frequent,2
box,2
clack,2
womankind,2
expound,2
reenvisione,2
sleeveless,2
curtail,2
rate,2
costumey,2
yank,2
cup,2
next,2
mannish,2
moderate,2
ness,2
revise,2
accessorizing,2
weary,2
grill,2
bully,2
ramble,2
reengineere,2
stipulate,2
hymn,2
jiggle,2
weep,2
flout,2
boldface,2
swam,2
du,2
vein,2
begat,2
sue,2
implement,2
retrace,2
spooky,2
transfix,2
schoolgirl,2
scorn,2
pasture,2
twig,2
reweave,2
encode,2
unbridle,2
doff,2
whitewash,2
balk,2
cub,2
myriad,2
reminisce,2
congregate,2
rarefy,2
reconceptualize,2
misbegotten,2
bug,2
tomboy,2
cornflower,2
tally,2
repackage,2
chuck,2
vase,2
featherweight,2
disregard,2
deign,2
reconstitute,2
rewind,2
bespoke,2
recommit,2
limp,2
cozie,2
enact,2
cutaway,2
winterize,2
leather,2
harken,2
endanger,2
assort,2
specifically?and,2
overrate,2
splurge,2
twitter,2
prosper,2
oppress,2
m,2
rapt,2
intermingle,2
brainstorm,2
vixen,2
massage,2
typewrite,2
puncture,2
costumes?and,2
eulogize,2
popcorn,2
backlit,2
youthquake,2
default,2
hopscotche,2
slather,2
bash,2
whichlooke,2
rebrand,2
flouncy,2
pecoraro,2
undemande,2
facile,2
tank,2
wring,2
dislodge,2
size,2
illustrator,2
digress,2
knee,2
exult,2
wean,2
dredge,2
submit,2
stiletto,2
perambulate,2
prune,2
guzzle,2
streetwise,2
skin,2
vignette,2
tax,2
undiminishe,2
impinge,2
access,2
dresses?include,2
rample,2
relay,2
stow,2
mortify,2
harvest,2
upturne,2
condition,2
girl?like,2
blacken,2
serrie,2
instance?and,2
foster,2
engender,2
daywear,2
kitsch,2
thump,2
google,2
gnaw,2
weaponize,2
rococo,2
coy,2
shun,2
scamper,2
aristo,2
cash,2
cake,2
mooch,2
deafen,2
deft,2
nightclubbe,2
rationalize,2
silence,2
swan,2
goat,2
founder,2
truncate,2
swerve,2
marginalize,2
prom,2
muddy,2
misbuttone,2
sugar,2
segment,2
fantasize,2
exhilarate,2
right,2
lae,2
preview,2
lurid,2
stimulate,2
pollinate,2
burrow,2
tee,2
lag,2
foresee,2
itwa,2
aah,2
except,2
shoulder?wa,2
patent,2
wither,2
shaggy,2
scout,2
pout,2
downsize,2
alight,2
income,2
nonplus,2
footwear,2
overreach,2
fleet,2
cobble,2
curb,2
blinker,2
sequinne,2
clamp,2
careen,2
thirtysomethe,2
fortie,2
postpone,2
frighten,2
toil,2
buoy,2
mislead,2
whistle,2
slunk,2
voyage,2
abate,2
corner,2
embolden,2
coe,2
choreograph,2
annoy,2
menace,2
unabashe,2
reproportione,2
queen,2
dressmaker,2
flinch,2
it',2
fake,2
rewrote,2
unfettere,2
whir,2
electro,2
elope,2
supplement,2
acquit,2
ape,2
sarafpour?s,2
goof,2
abuse,2
bombard,2
nickname,2
don?t,2
frolic,2
reenergize,2
toggle,2
blindfold,2
typify,2
crow,2
got,2
addict,2
damp,2
invigorate,2
verse,2
neat,2
shoehorn,2
vulcanize,2
sprung,2
spritz,2
reframe,2
ifie,2
din,2
sheer,2
ballast,2
fumble,2
whirl,2
mystify,2
siphon,2
knuckle,2
talente,2
redound,2
undertake,2
blanket,2
wade,2
screech,2
teleport,2
habiter,2
pebble,2
neighbor,2
languish,2
smartene,2
castiglioni?s,2
ombr?-dye,2
daub,2
ascertain,2
sensitize,2
gallivant,2
polo,2
toothe,2
pilfer,2
derange,2
miter,2
type,2
cerise,2
simper,2
parallel,2
countrifie,2
decree,2
purl,2
kokosalaki?s,2
effect,2
defuse,2
cuissarde,2
trawl,2
hurtle,2
gawk,2
artier,2
fatigue,2
d,2
lapel,2
drill,2
triple,2
crotche,2
sandale,2
romp,2
commend,2
bedevil,2
simulate,2
overrun,2
piss,2
woodsy,2
stall,2
elude,2
dainty,2
ally,2
clutter,2
bewigge,2
dispirit,2
wool,2
beset,2
she?,2
grope,2
muck,2
redouble,2
racer,2
supermodel,2
jerk,2
whoop,2
season?somethe,2
recess,2
pander,2
swill,2
she?ll,2
tassel,2
erect,2
thrifte,2
luxuriate,2
milk,2
overload,2
truck,2
wasn?t,2
freckle,2
circuit,2
murmur,2
reprint,2
carp,2
miniskirt,2
stilt,2
flesh,2
multistripe,2
navy,2
pride,2
gray?wa,2
succumb,2
broach,2
trod,2
wick,2
reload,2
overfishe,2
floor,2
beautify,2
depress,2
sicken,2
geeke,2
well,2
waylay,2
contend,2
predicate,2
overdetermine,2
shepherd,2
blunder,2
wad,2
stripe,2
toddle,2
knitwear,2
exasperate,2
hesitate,2
attune,2
rigor,2
jive,2
recline,2
swoosh,2
filch,2
platforme,2
mat,2
recede,2
stoop,2
monogramme,2
yoke,2
leggy,2
behold,2
spake,2
plonk,2
deprecate,2
lull,2
rollere,2
dispose,2
disfigure,2
venue,2
ray,2
contract,2
rare,2
slipdress,2
mend,2
chair,2
nitpick,2
photographer,2
ombr?-printe,2
grandstand,2
renounce,2
siren,2
snuggle,2
goddesse,2
sight,2
mandarin,2
flame,2
alt,2
sleepwalk,2
maraud,2
embarrass,2
fle,2
fierce,2
frost,2
yell,2
sugarcoat,2
correlate,2
hush,2
brooch,2
sting,2
thunder,2
radicalize,2
appliqu_e,2
skullcap,2
immortalize,2
grosgrain,2
luxury,2
motor,2
chant,2
recolore,2
swelter,2
oise,2
globetrotte,2
institutionalize,1
the?in,1
solder,1
recycling?had,1
cloaklike,1
thin,1
nowsell,1
whatstruck,1
here?simply,1
throwaway,1
brighttube,1
catwalk?turbane,1
marble,1
dowith,1
tootle,1
side?make,1
honcho,1
itrie,1
beyonc?weare,1
forkeepe,1
frame?accorde,1
skirtworn,1
rechecke,1
restage,1
spackle,1
seefan,1
weresome,1
brinke,1
razzle,1
hypnotize,1
stoleacros,1
totake,1
puffer,1
wool?provide,1
great?provide,1
provision,1
too?witness,1
clich,1
thatcharme,1
prick,1
sexual?sort,1
thatopene,1
roadrunner,1
wonder?now,1
hatch,1
intimate,1
couture,1
wonderif,1
andwhistle,1
entomb,1
collarless?wa,1
late?premise,1
here?washe,1
vogue,1
beguile,1
afitte,1
quiffe,1
war,1
overpraise,1
hoop,1
empathize,1
punchy,1
blues?seeme,1
l'enfer,1
prescribe,1
firm,1
befall,1
didevene,1
dressstoppe,1
allover,1
andreplace,1
googie,1
decode,1
offend,1
backstage,1
pinafores?sometime,1
too?case,1
subside,1
clop,1
cannonballe,1
rewaken,1
artichoke,1
welt,1
plinke,1
theflare,1
twa,1
overhang,1
appearance?wa,1
cede,1
watertight,1
goddess,1
globalize,1
implicate,1
longhair,1
afflict,1
particularlysince,1
costumelike,1
markdown,1
createtheir,1
tide,1
osmose,1
streamlined?be,1
moschino,1
stripes?followe,1
reference?wa,1
strawberry,1
claw,1
refinement?see,1
lacosteturne,1
dresses?a,1
fishnette,1
desensitize,1
ink,1
unwavere,1
though?proteste,1
effects?wa,1
so?everythe,1
reeve,1
indie,1
defer,1
agonize,1
follow?was,1
catsuit,1
zonke,1
-worthy,1
palatable?heck,1
lime,1
retry,1
pieceworke,1
will?directe,1
attendee,1
quest,1
slant,1
ideasettle,1
shush,1
prints?elevate,1
implode,1
auger,1
hisfledgle,1
snappedpicture,1
"ember""-printe",1
out?like,1
flowerlike,1
paillettescovere,1
sophisticated?had,1
honk,1
photoshoppe,1
accustom,1
staff,1
is?they're,1
these?just,1
un)buttone,1
together?wa,1
glamour?hence,1
gowrong,1
stingray,1
homogenize,1
couch,1
skinhead,1
interlude?did,1
horst?showe,1
godmothere,1
rachete,1
commune,1
stre,1
cousin,1
overturn,1
pet,1
rhapsodize,1
scuttle,1
esque?wa,1
context,1
gouge,1
belief,1
overemphasize,1
catalogue,1
cape?looke,1
crowdsource,1
gown?toppe,1
guste,1
tapelike,1
day?belte,1
sunray,1
awaken,1
denounce,1
beunwrapped,1
squabble,1
you'relooke,1
on?personalize,1
rejiggere,1
startle,1
midcentury,1
gratify,1
bondage,1
youtube,1
at?or,1
cactu,1
aspellbinde,1
interplay,1
showedwith,1
templer?liste,1
hightail,1
remastere,1
dishearten,1
trousers?appeale,1
gong,1
modernist,1
surfer,1
slump,1
reassess,1
camellia,1
racerback,1
row?weare,1
grise,1
theyuse,1
pedal,1
divest,1
lug,1
brass,1
drawl,1
herexiste,1
encore,1
thread?had,1
scent,1
sneeze,1
dresscovere,1
still,1
trashbag?texture,1
seersucker?keep,1
restock,1
himwell,1
bracket,1
bomberslayere,1
skirt)?seeme,1
buildinga,1
"dress""?weare",1
throughout?include,1
collection'sslit,1
beeninforme,1
other?reminde,1
transcendexplanation,1
geniuse,1
shirting?wa,1
fluid,1
disaffect,1
neuter,1
thoseshroude,1
pinstriped,1
bounceby,1
forward,1
remedie,1
loudand,1
sas,1
pants?like,1
starbursts?gave,1
businessmen?and,1
down,1
hallmark,1
sun,1
season?clothe,1
bestride,1
shazam,1
peck,1
disappearanceof,1
russo,1
betempte,1
silk?had,1
id,1
mundane,1
"mica""-colore",1
divorce,1
it?with,1
racy,1
timestamp,1
riot,1
lowrider,1
energetic?brimme,1
uniforms?see,1
itself?turn,1
lipstick,1
tire,1
darle,1
duchesse,1
jacquarde,1
wait?scratch,1
dreamiest?that,1
humankind,1
"adulthood""?wa",1
vilify,1
hyperlinke,1
uninspire,1
sweater?strippe,1
occasion,1
do?and,1
label?inspire,1
straitjackete,1
bras?looke,1
movement?had,1
rang,1
rappel,1
pinballe,1
ding,1
designer?did,1
embroideries?looke,1
boning?think,1
print?reference,1
bonnet,1
browns?see,1
scowl,1
sapphire?were,1
defile,1
restructure,1
post-,1
dress?elevate,1
pry,1
martyr,1
love?for,1
futurize,1
casual?take,1
overdevelop,1
clump,1
pink?tweake,1
earrings?extende,1
closed?all,1
blonde?had,1
solidere,1
detail?a,1
sandwashe,1
amulet,1
permit,1
cartwheel,1
tennis,1
quantify,1
hoot,1
designers?include,1
envy,1
pant?in,1
usurp,1
followed?beade,1
plump,1
telescope,1
lacemake,1
recount,1
dress?gussie,1
overlay?wa,1
reapplye,1
splendid,1
lessen,1
perpetrate,1
huddle,1
principle,1
scarve,1
ite,1
ball,1
dei,1
unabate,1
polish?throwe,1
weightlift,1
runway?include,1
kere,1
pert,1
basics?a,1
palm,1
interpolate,1
florals?fade,1
brand?designe,1
hyperborean,1
interruption?had,1
underfunde,1
lace?allowe,1
planar,1
mind?seeme,1
graphic?just,1
ois,1
remappe,1
stickere,1
disarray,1
trailblaze,1
granola,1
room,1
verdant,1
bay,1
motif?connecte,1
ways?accompanie,1
distend,1
courtesan,1
mauve?wa,1
shiny?brought,1
coope,1
mystique,1
supercharge,1
kansai?picke,1
dress?sat,1
tans?punctuate,1
diamant,1
unwind,1
coral?gave,1
domesticate,1
dispute,1
bottle,1
chiffon?had,1
jail,1
kuniyoshi?sparke,1
jackets?leade,1
swishy?dovetail,1
detail?expose,1
feast,1
stepchild,1
staplelike,1
sui?sporte,1
churchgoe,1
escort,1
overdress,1
frescoes?had,1
stylish,1
burlap,1
schwab,1
collection?appeare,1
divvye,1
"chest""?adde",1
anoraks?even,1
looks?se,1
red?adde,1
purge,1
shovel,1
colonize,1
ratify,1
collection?perhap,1
designer?flexe,1
leane?strappe,1
comply,1
line?mixe,1
green?might,1
shorts?benefite,1
drizzle,1
con,1
abscond,1
hare,1
roughen,1
coats?unadorne,1
tale,1
blunt,1
shirt?wa,1
with?count,1
exposed?sometime,1
withhold,1
epaulet?cut,1
leg?wa,1
essential?lace,1
turquoise,1
accrete,1
hats?peake,1
season?fox,1
skirts?wa,1
crenellate,1
snazze,1
ache,1
color?inspire,1
knitwear?ribbe,1
ovate,1
were?well,1
saucy,1
earth?but,1
fact,1
attire?somethe,1
elucidate,1
sleeves?paire,1
predetermine,1
ululate,1
tulle?wa,1
encage,1
gilet,1
restart,1
reinteprete,1
calcify,1
randomness,1
gam,1
class,1
forage,1
bags?include,1
val?rie,1
fabric?ende,1
plan?employe,1
jab,1
bodies?erre,1
bide,1
necklaces?made,1
outing?held,1
retrofit,1
space?anchore,1
became,1
wimple,1
format,1
tags?range,1
trivialize,1
smudgy,1
squish,1
mundane?somethe,1
riches,1
"look""?got",1
preshow,1
designate,1
retell,1
lasso,1
bigge,1
carbonate,1
kohle,1
story?beade,1
buttercup,1
himself?and,1
slingshot,1
reunite,1
slipup?and,1
coin,1
off?glorifie,1
proper?choose,1
away?had,1
"dimensional""?took",1
forebear,1
chomp,1
stew,1
deadpanne,1
activewear,1
armas?a,1
monochromatic?black,1
oxygenate,1
cut?as,1
cobalt?affirme,1
chunk,1
tribalism?pick,1
romanticize,1
tidy,1
boots?hit,1
scarecrow,1
wit,1
matchy?ha,1
reinvigorated,1
clink,1
sublet,1
devising?fulfille,1
deride,1
extreme,1
mothball,1
background?wa,1
weekend,1
marigold?made,1
butter,1
fans?wa,1
problems?square,1
thwart,1
politicize,1
append,1
sixties?shape,1
silhouette?croppe,1
says?cool,1
charlier?charge,1
bookend,1
nature?move,1
enrapture,1
altogether?if,1
gab,1
wauchob,1
terminate,1
rumble,1
devour,1
superman?there,1
backtrack,1
russes?in,1
remix,1
sheen,1
trim?share,1
kennedy?celebrate,1
mirrors?create,1
runways?recurre,1
say?is,1
wilson?emphasize,1
ivory,1
pattern?bold,1
rabbit,1
rousteing?helme,1
layer?bonde,1
flat,1
defrost,1
breadth,1
downscale,1
cropped,1
disuse,1
prolong,1
sibling?include,1
unimpaire,1
untrammele,1
class?eschewe,1
remedy,1
season?remember,1
prissy?and,1
embroidery?lacquere,1
mars??reappeare,1
legend,1
showmanship,1
frowsy?take,1
franken,1
havisham?wa,1
vaporize,1
processes?stonewashe,1
brocades?might,1
handwork,1
interrogate,1
minimal,1
boomerang,1
xerox,1
bugle,1
uninitiate,1
choker?need,1
backhand,1
balance?between,1
nicks?adde,1
gone?chalk,1
volume,1
daresay,1
wheeze,1
maxe,1
blue?showe,1
turtlenecke,1
legit,1
kudo,1
uncage,1
sobriety?high,1
celluloid,1
assuage,1
grout,1
girls?each,1
bog,1
beef,1
look?anchore,1
degondolize,1
harbour,1
jewelryappeare,1
choosefrom,1
offellow,1
curvilinear,1
fulsome,1
feud,1
globally?gave,1
is?manhattan,1
blue?worn,1
dress?pulle,1
thehipbone,1
chickene,1
chorus,1
recharge,1
underplay,1
roomy?and,1
towhich,1
tattoo,1
sunlit,1
dress?influence,1
instill,1
latesthobby?crocheting?provide,1
space,1
meteorite,1
dislike,1
flare?which,1
subway?stand,1
firstworme,1
waskept,1
paintball,1
acrisscrosse,1
therewa,1
karaoke,1
forcite,1
here?model,1
sweeter?almost,1
theopene,1
saidbefore,1
weimar,1
pants?set,1
crouch,1
influence?suggeste,1
anddistracte,1
drapingwere,1
dresscinche,1
arrowe,1
beggar,1
wouldcut,1
rob,1
circuse,1
alsomade,1
silhouette?fitte,1
jarraraccessorize,1
confetti,1
bumper,1
incise,1
irradiate,1
leaves?showe,1
shorts?were,1
affiliate,1
building?showe,1
expensive?line,1
typecast,1
whichwa,1
though?somethe,1
adapple,1
enough?toconjure,1
"defiant""",1
pairedthat,1
nineties?wa,1
depth?had,1
rich?prevente,1
was?dare,1
toil?often,1
boe,1
doodad,1
himself?customize,1
intrude,1
occasiondresse,1
thatwork,1
tobeade,1
mitt,1
literally?in,1
abit,1
headquarter,1
draped?which,1
emigrate,1
happenwhen,1
humanize,1
piecebathe,1
saris,1
loveliest,1
roll?include,1
evenif,1
stopper,1
white?made,1
crystale,1
jot,1
longevene,1
snort,1
flatform,1
declaim,1
satinsuite,1
evening?marrye,1
ofprinte,1
canoodle,1
shapes?wa,1
joyful?and,1
askto,1
stillconnecte,1
line?contraste,1
restate,1
bouncy,1
bryan?approache,1
foran,1
tokeep,1
install,1
besurprise,1
out?made,1
gowns?had,1
thatwasn't,1
disapprove,1
of?trye,1
awake,1
first?croppe,1
vow,1
burble,1
gownsin,1
faille?wasdecorate,1
dresseswere,1
awalke,1
investment?mark,1
enquire,1
untrouble,1
which?fuele,1
drunk,1
fizz,1
buildinghimself,1
chronicle,1
notesexplaine,1
enroll,1
upemblazone,1
waistcoat,1
tiesplice,1
andput,1
indrawe,1
unmentione,1
obsessive,1
overhear,1
serrate,1
ultraviolet,1
paintballe,1
requiregoe,1
dawn,1
trespass,1
wicker,1
today?and,1
textures?le,1
it'shard,1
lookedgreat,1
chief?sardine,1
index,1
boy,1
ifye,1
reignite,1
denim?were,1
memorie,1
besotte,1
purpose,1
pairthem,1
backpedal,1
museums?where,1
slunke,1
proliferate,1
motif?had,1
hardlysurprise,1
monthstweake,1
would'veprovide,1
other?got,1
typesdebate,1
sculpturalpadde,1
getaround,1
loveand,1
raffia?provide,1
clothesworke,1
floralprinte,1
technique?learne,1
sedate,1
toemphasize,1
wasdesigne,1
wasshowe,1
more?patche,1
forinspiration?maria,1
mercerize,1
would,1
hasten,1
andparlaye,1
hesaid,1
wasaccordione,1
shiftspunctuate,1
thiswa,1
crusade,1
silky,1
lemon,1
waddle,1
refit,1
condescend,1
silkscreen,1
lithe,1
seesaw,1
gawp,1
pinball,1
safekeepe,1
club?execute,1
wereengineere,1
ortransmogrifie,1
empty,1
hog,1
whichtranslate,1
overture,1
jackets?wa,1
prioritize,1
conch,1
languor,1
tobre,1
consistentlyturn,1
hiscraft,1
cartoonish,1
"insisted,""breake",1
andersoncarrie,1
reuse,1
kickpleats?and,1
headgear?quite,1
positivelyuptown,1
likesomethe,1
hadbeen,1
feelcompare,1
cockfighte,1
peaked?or,1
circumambulate,1
strong?relaxe,1
silver?reflecte,1
femme,1
garden,1
somethingabout,1
it'sgette,1
inspiredwa,1
controversy,1
print?somethe,1
usual?trie,1
monetize,1
rankle,1
yonder,1
satinfollowe,1
inhibit,1
williams?mightwear,1
clinical?showe,1
piecespoppe,1
storefront,1
filmmake,1
gavethem,1
dispatch,1
monitor,1
hodges?missed,1
esprit,1
regale,1
twenty8tweve,1
me?appeare,1
here?see,1
fur?include,1
theydouble,1
toevolve,1
confiscate,1
mostcompelle,1
getexcite,1
separates?we,1
stark,1
genuflect,1
werecut,1
andpaire,1
gauld,1
collection?just,1
salwar,1
readie,1
rive,1
berry,1
luck,1
show?bedecke,1
aggrieve,1
undergird,1
comin,1
doingin,1
deejaye,1
fledgle,1
forswear,1
popstrel,1
bralet?it,1
flightsuit,1
honey,1
edgier?sharon,1
halternecke,1
make?so,1
base?out,1
numbers?come,1
cheesy,1
muchintereste,1
-think,1
jeans?wa,1
duchesse?distille,1
decapitate,1
pieces?wa,1
relaunch,1
toexplain,1
delftware,1
spentmonth,1
slungover,1
dancerextende,1
cooperate,1
intentione,1
saidin,1
couldcall,1
whichbode,1
prep,1
underpinning,1
yousee,1
work?refine,1
lumber,1
macabre,1
likethe,1
pliable,1
jackets?keep,1
"pearl""-studde",1
feltfresh,1
belted?stood,1
organza?wa,1
be?well,1
mien,1
uncork,1
thisbee,1
hadprecise,1
bestwa,1
gin,1
monster,1
goingwith,1
saidbackstage,1
predominated?and,1
topicture,1
waist?had,1
bloke,1
couldimagine,1
boucl??make,1
phase?provide,1
understatement,1
helmete,1
bagsdecke,1
grommet,1
herbroode,1
ruffles?trace,1
andgive,1
didhave,1
wasbringe,1
stripesgette,1
wasstampe,1
glut,1
standoutevene,1
withflattere,1
endnote,1
himself?were,1
flourish?witness,1
mastery?mark,1
coveredin,1
restampe,1
sinceha,1
veversstruck,1
attention,1
it??emphasize,1
clich_s,1
won?or,1
erode,1
inaugurate,1
barb,1
recombine,1
ortoole,1
universalize,1
cause?advertise,1
classicinforme,1
gold?base,1
graphics?jumble,1
idiom,1
great?and,1
check?more,1
trouserlike,1
contemplative,1
piecesshown,1
competition?pounde,1
melancholia,1
dissolution,1
window,1
columngown,1
theclose,1
apr,1
point?make,1
vitalize,1
disgrace,1
wag,1
blight,1
flannel,1
like?threw,1
sayto,1
woodshe,1
it'sjust,1
dresses?likewiseembellishe,1
herfirst,1
hewa,1
jacketcroppe,1
psyche,1
lorn,1
amateur?rugge,1
investigate,1
administer,1
might'vecarrie,1
"abracadabra""-embroidere",1
sleevesand,1
massacre,1
thatstarte,1
opinionate,1
cult,1
girlier?more,1
earlier?translate,1
outstretche,1
goretro,1
pics?persuade,1
cofounde,1
names?came,1
cohoste,1
going?in,1
balmain,1
disown,1
baskin,1
panoplyon,1
thatthe,1
sexinessinto,1
her?and,1
catcall,1
ifunexcite,1
waists?never,1
prints?abstracte,1
baggy,1
flourishes?poppe,1
phrase?translate,1
"back""?suggeste",1
cocoonish,1
contact,1
playbook,1
heha,1
court?wa,1
sawit,1
unbuckle,1
d'i_na?altere,1
undersmoke,1
shelving?echoe,1
thosebow,1
haveproduce,1
imbibe,1
skirtsuit,1
said?wa,1
associations?buttone,1
instagramme,1
goalong,1
pants?pleate,1
takethe,1
girl?perhaps,1
scrapbook,1
shibori?looke,1
enlighten,1
unpromise,1
denim,1
retweet,1
monologue,1
amfar,1
impede,1
derived?dye,1
sleeves?looke,1
oflurex,1
silhouettes?nippe,1
denim?wa,1
easilyimagine,1
qs?had,1
it?while,1
merino,1
does?do,1
scythe,1
peu,1
peacocke,1
mature?wa,1
reinveste,1
primp,1
restitche,1
styling,1
thatcompromise,1
thatbifurcate,1
resell,1
geyser,1
leer,1
philo,1
mistook,1
sandal,1
engross,1
care?stand,1
easy?buy,1
itturne,1
haggle,1
mini?require,1
nuzzle,1
legacy,1
heimagine,1
tracksuits?take,1
lederhosen,1
bellow,1
gold?wa,1
solution?beade,1
suit?inspire,1
unadorne,1
saloniste,1
mime,1
skitter,1
canvasinspire,1
would'velooke,1
ofdresse,1
backcapture,1
murale,1
heads?base,1
dizzy,1
flamenco,1
unmoleste,1
matelass?-texture,1
magpie,1
mossy,1
kicky,1
overplay,1
apixilate,1
bea,1
thattie,1
wereunderstate,1
slave,1
hecame,1
leather?capture,1
collection?mismatche,1
garmentsinclude,1
reinventthe,1
beenunderselle,1
bags?for,1
time?wa,1
luckedinto,1
todayprove,1
layered,1
kelp,1
striate,1
ns,1
andembellishe,1
hyphenate,1
oneof,1
onlayere,1
foldsaccente,1
plow,1
gestures?ruche,1
moda,1
unyielde,1
course?bringe,1
impulses?cocoone,1
specify,1
flattery,1
retro?a,1
smatter,1
lookeda,1
unsurpasse,1
multifacete,1
pelt,1
secret,1
countryside?straight,1
hadstarte,1
stayfocuse,1
wasexperimente,1
climate,1
hems?were,1
hurl,1
reengage,1
seedbe,1
hendry?drew,1
justbefore,1
foothold,1
ve,1
butpaye,1
prattle,1
blownup,1
moodcontinue,1
enrobe,1
thedrape,1
turns80,1
ittake,1
aboutdressmake,1
quitestrike,1
didn'thave,1
efficientevene,1
doesn'tbelieve,1
lyn,1
want?but,1
disjoint,1
neverplumbe,1
pantsembroidere,1
toestablishe,1
shirtworn,1
bemoan,1
andoversize,1
metastasize,1
froideur,1
inflame,1
dishevelment,1
toosurprise,1
butterfly,1
slight,1
manyyear,1
andwith,1
facsimile,1
entangle,1
overload?designer,1
shot,1
multipockete,1
all?provide,1
clamber,1
ridicule,1
interest?let,1
overt,1
approximatedsomethe,1
presentation?stage,1
showroom?use,1
pixilate,1
womanhood?echoe,1
demi,1
else??provide,1
stave,1
eyelet?use,1
swe,1
collars?just,1
solver,1
collection?wa,1
ofemerge,1
feelhe,1
unsaddle,1
pants?wa,1
thatbegge,1
braless,1
disrobe,1
anime,1
scuff,1
l?ger,1
cartographer,1
gothictiere,1
coo,1
prerecord,1
incite,1
emerge?it,1
there?influence,1
werewolf?were,1
down?it,1
creatures?seeme,1
gauguin,1
regrade,1
mist,1
explainedthat,1
lo,1
line?tailore,1
neoprene,1
allure,1
russet,1
on?blesse,1
aft,1
thecharme,1
whites?wa,1
onedouble,1
blenderize,1
rugby,1
cameup,1
dressespanele,1
andcroppe,1
matchingzippe,1
alsopresente,1
plegge,1
aswill,1
ofacne,1
infest,1
fast,1
snarke,1
semi,1
remo,1
ensued?incorporate,1
alsoseeme,1
spite,1
demarcate,1
genres?just,1
accrue,1
claimed?and,1
beholden,1
overuse,1
remember?the,1
fiddle,1
halfhearte,1
hoax,1
one,1
foxtail,1
want?this,1
hypothesize,1
iterate,1
underpinnings?all,1
setthe,1
accompaniment?drenche,1
werelayere,1
m.patmo,1
caste?wa,1
tapestry?populate,1
reembroidere,1
outfit?printe,1
patent?had,1
military,1
foam,1
pithowle,1
prey,1
tre,1
afield,1
sidle,1
wallow,1
unsmile,1
unobscure,1
instruct,1
alit,1
eyewear,1
teddie,1
fillet,1
androgyny,1
curry,1
earth,1
moonlight?suggeste,1
unload,1
bargain,1
cityscape?abstracte,1
knits?looke,1
interject,1
lips?molde,1
botch,1
forwent,1
back?adde,1
creepers?reworke,1
soles?which,1
accessories?turne,1
parody,1
reinspire,1
collection?assemble,1
seagull,1
dock,1
bleat,1
disembark,1
reverse?starte,1
slur,1
ensconce,1
dissuade,1
seasons?joine,1
sell?no,1
granny,1
collegiate,1
emotion?painte,1
midget,1
idea,1
overstate,1
barter,1
foppish,1
stylist,1
raven,1
psychedelia,1
jeans?channele,1
recreate,1
windowe,1
wrung,1
slug,1
downtown?embrace,1
waists?wa,1
gymslip,1
tulle,1
engineering?burste,1
sentence,1
followed?like,1
appear?was,1
countermand,1
waist?seeme,1
stood?a,1
winglike,1
kneel,1
archive,1
fed,1
house?jade,1
mix?contribute,1
silhouette?nippe,1
happy?thank,1
say?verge,1
denime,1
slippere,1
silhouette?covere,1
abstain,1
sensibility?looke,1
chain,1
necklace,1
hologram,1
results?seame,1
skirts?all,1
girlishness,1
redrew,1
sash?along,1
skimmer?had,1
brioni?name,1
catwalke,1
cripple,1
will?in,1
bodies?touche,1
rescale,1
specializes?take,1
knits?think,1
jacket?here,1
intentional?a,1
ala.-base,1
stilettoes?adde,1
godot?i,1
suit?illustrate,1
minimalism,1
celebratory,1
diff?rence,1
circumnavigate,1
gold?add,1
sinister,1
supersede,1
gala,1
ashtray,1
adorable,1
ahh,1
mush,1
jacket?came,1
sober,1
jumper,1
strength?and,1
boufe,1
renavigate,1
enfant,1
spoofy,1
gawky,1
bunt,1
bacca,1
quite?but,1
"lv""-printe",1
lukewarm,1
dress?gave,1
reabsorb,1
decorated?some,1
panniere,1
jilt,1
aplenty?include,1
are,1
conflate,1
den,1
aoki?wa,1
flounder,1
verify,1
jackets?designe,1
proportions?from,1
out?costa,1
paper,1
bonker,1
fell,1
say?juxtapose,1
hearte,1
orlandi,1
westernize,1
stash,1
did?though,1
expect?there,1
stars?wa,1
pleasure,1
ties?beare,1
browe,1
quill,1
helps?i,1
bodysuits?summe,1
fruit,1
ripen,1
infuriate,1
club?but,1
abstruse,1
frite,1
does?send,1
separates?short,1
skirt?before,1
necklace?looke,1
assemblage,1
multitask,1
refurbish,1
ballet,1
handheld,1
predators?dresse,1
print?wa,1
folksy,1
ageless,1
surmount,1
drops?and,1
sham,1
needle,1
handicap,1
prebooke,1
reapproache,1
boots?reference,1
raspberry,1
collection?like,1
starkness,1
line?wa,1
seamstresse,1
glitze,1
bonsai,1
standout,1
ringlette,1
gorblimey,1
passionate,1
in?looke,1
incubate,1
understandable,1
declaration?a,1
appall,1
jellyfish,1
disparage,1
season?exude,1
ski,1
token,1
egregious?hoode,1
replenish,1
redingote,1
folklore,1
spotlit,1
nightlife,1
yawn,1
stilettos?stacke,1
trim?protecte,1
filmy,1
picnic,1
herd,1
censor,1
office?were,1
scintillate,1
mushroom,1
smart,1
rocket,1
renege,1
roost,1
gnarl,1
conceal?or,1
closets?showcase,1
sozzani?heade,1
multiprinte,1
understuffe,1
fetter,1
peal,1
dusters?capture,1
fractals?repeate,1
goth,1
bedraggle,1
kilte,1
collection?had,1
aux,1
jodhpur,1
embroideries?had,1
technology?lit,1
learned?it,1
momma,1
letter,1
had,1
truehearte,1
square?turne,1
subtitle,1
pants?suggeste,1
waffle,1
coalesce,1
dresses?above,1
pilati?s,1
zing,1
combinations?re,1
designers?there,1
draft,1
remunerate,1
guys?helpe,1
boots?accessorize,1
gellar?goe,1
row?inflecte,1
counsel,1
agitprop,1
lucke,1
tuxedoe,1
overrode,1
pantsuit?le,1
twitch,1
undress,1
heels?starte,1
despise,1
snarl,1
lasercut,1
pieces?have,1
shoulder?steere,1
tote?wielde,1
skirts?looke,1
footless,1
fashion?better,1
delaroche?,1
cavil,1
gray?a,1
=,1
accessories?everythe,1
scald,1
castigate,1
layers?tunic,1
agape?plucke,1
motorize,1
camera?which,1
dresses?worn,1
turtlenecks?looke,1
kerrange,1
boat,1
words?and,1
way?chime,1
bawl,1
content,1
sabotage,1
off?yamamoto?,1
mauve?succeede,1
bag?misse,1
pear,1
and?consider,1
downgrade,1
joust,1
snow,1
unsubtle,1
volumize,1
"suffragettes""?wa",1
pertain,1
and?talk,1
feathers?and,1
overadorne,1
matte?nothe,1
floriate,1
cardigan?albeit,1
balustrade,1
foreshorten,1
one?shouldere,1
waterproof,1
fatten,1
en,1
bat,1
icon?and,1
caboodle,1
orange?wa,1
mohair,1
edged?wa,1
wisecrack,1
dreadlocke,1
camp,1
embellishments?save,1
suits?manage,1
rock?which,1
multipuffe,1
electroplate,1
mummify,1
posture,1
bedazzlement,1
projects?wa,1
tuxedo,1
socialite,1
uncease,1
sally,1
visor?qualify,1
bullfighte,1
overthought,1
promised?a,1
peplum,1
glass,1
overexaggerate,1
did?end,1
decelerate,1
ugly?though,1
cream,1
rechannele,1
bespeak,1
crosshatch,1
brigade??wa,1
rampage,1
dresses?appeare,1
closings?seeme,1
idea?turne,1
dunk,1
colors?dapple,1
velvet?have,1
thud,1
gambol,1
tweed?relate,1
wellies?looke,1
effect?wa,1
ago?forme,1
as?a,1
white?radiate,1
newton?enjoye,1
rapidly?have,1
lacroix?equippe,1
showed?big,1
coats?lacke,1
multiseame,1
audience?include,1
paralyze,1
content?python,1
cuffs?wa,1
effort,1
charmeuse?remaine,1
reset,1
ping,1
beige?are,1
criss,1
perfume,1
flicker?were,1
people,1
bikini,1
sequin,1
try?extende,1
facete,1
theming?reinforce,1
graphics?seeme,1
tart,1
undisclose,1
red?seem,1
bouffe,1
section,1
hardware?are,1
faberg?-inspire,1
or?say,1
women's?before,1
collection?motivate,1
hollow,1
pieces?belte,1
touching?attempt,1
discriminate,1
rodriguez?traine,1
measure?aske,1
proselytize,1
trounce,1
legitimize,1
vanquish,1
knack,1
ravey,1
disc,1
star??set,1
reasons?take,1
lace?and,1
girls?without,1
absolute,1
all?pumpe,1
hijack,1
party?wa,1
sportswear?beige,1
brokeout,1
dresses?ruche,1
veteran?showe,1
substitute,1
applique,1
allot,1
mitre,1
bias,1
incinerate,1
ridge,1
wale,1
sandblast,1
ceilinge,1
discomfort,1
jeans?seeme,1
them?croppe,1
build?and,1
bound,1
blaak?s,1
stern?somethe,1
recontextualize,1
tawny,1
color?blocke,1
eclectic,1
expect?indeed,1
clothes?circulate,1
slung,1
simplicity?into,1
floorsweepe,1
spank,1
pinpoint,1
around?a,1
pa,1
squeak,1
rust,1
impale,1
waive,1
sophistication?witness,1
danilo,1
loewe?owne,1
runway?appeare,1
ste,1
prize,1
retune,1
fame?macdonald,1
rompsuit,1
advantage,1
headhunte,1
earrings?dangle,1
wire?adde,1
following?make,1
crave?the,1
tamper,1
harry,1
ribbon?inserte,1
actresse,1
almost?but,1
straps?accessorize,1
pucci?s,1
outfit?shape,1
pan?collare,1
prints?although,1
tinker,1
idolize,1
blue?flashe,1
redrafte,1
?,1
crawford?inspire,1
kabuki,1
stampede,1
grey,1
dresses?panele,1
ribbon?calle,1
gucci?s,1
jacket?high,1
gibo,1
whatever?,1
frugge,1
longhaire,1
inventive,1
scene?include,1
wiggle,1
again?sacrifice,1
hibiscus,1
abrade,1
clothes?wa,1
wear?in,1
it?goe,1
almost?brave,1
like?filtere,1
lace?underscore,1
coproduce,1
trousers?playe,1
riley?inspire,1
runners?made,1
themes?clear,1
supreme,1
presented?somethe,1
raincoat,1
uncut,1
jenden?i,1
colors?wa,1
check?cut,1
tailoring?wa,1
wet,1
dresses?not,1
dutch,1
entrust,1
ombr?-shade,1
efface,1
satirize,1
hose?define,1
gazar,1
leitmotif?playe,1
shag,1
suits?formfitte,1
looks?serve,1
infantalize,1
regress,1
volumes?sweepe,1
dwarf,1
quaint,1
sander?belte,1
catalog?and,1
statement?gathere,1
overcoat,1
dresses?accessorize,1
winston?recalle,1
shapeless,1
worry?you'll,1
convey?the,1
emporium?appeare,1
purse?just,1
pamper,1
out?to,1
illicit,1
embroidery?strippe,1
bikini?wa,1
peppermint,1
inspirations?molde,1
back?prove,1
bike,1
extravaganza?decorate,1
worked?thanks,1
inundate,1
extroverte,1
sunburst,1
styles?presente,1
unfasten,1
mould,1
women?reflecte,1
secrete,1
smoky,1
collection?prove,1
play?mixe,1
scheme?centere,1
tan?adde,1
looks?distresse,1
violate,1
skydive,1
hooks?furthere,1
overeager,1
basics?unless,1
weren';t,1
graphic?and,1
beware,1
dress?looke,1
plain?paire,1
dresses?puzzle,1
leather?playe,1
sneakers?hit,1
materials?were,1
gyrate,1
funeral,1
oatmeal,1
glittery,1
pajamalike,1
sitcom,1
tendril,1
silhouette?wa,1
avocado,1
spearhead,1
wallpaper,1
savage?think,1
merry,1
puzzling?and,1
overproduce,1
questionable?look,1
orphan,1
oversized?create,1
around?had,1
skirt?pleate,1
tank?wa,1
offer?and,1
tunics?exude,1
pouf?dresse,1
draping?swathe,1
collection?calle,1
frazzle,1
reschedule,1
undaunte,1
followed?weare,1
delirium,1
jumpers?wa,1
detest,1
unpolishe,1
corset?announce,1
reestablish,1
elegance,1
tippet,1
escapist,1
career?starte,1
hip,1
unrestricte,1
greens?made,1
_s,1
bartley?s,1
forsook,1
receptacle,1
fashion?,1
molder,1
genre,1
midmorne,1
blip,1
sanitize,1
furs?come,1
hector,1
color?swirle,1
reorganize,1
mishmash,1
course?just,1
autopilot,1
pants?naile,1
gesture?melde,1
chignone,1
elegance?lurex,1
muted?all,1
obstinately?devote,1
resolutely?some,1
believethat,1
nouveau?derive,1
collection?establishe,1
layers?ha,1
europe?,1
slumber,1
coat?adde,1
subtext,1
children?walke,1
rouge,1
stutter,1
boogie,1
unstuff,1
though?cutte,1
prettiness?swagge,1
set?suggeste,1
unreveale,1
be?from,1
dresses?there,1
padlock,1
digitalize,1
performance?polishe,1
pimple,1
stone?,1
jackets?inserte,1
proceedings?layere,1
batty,1
twiddle,1
smushe,1
trend?not,1
horrify,1
commemorate,1
later?hussein,1
formulate,1
emerald?chime,1
moderne,1
droopy,1
strode,1
lighthearted?inspire,1
together?ha,1
revolutionize,1
"artist""?had",1
show?headline,1
did?and,1
knack?maddene,1
gowns?guarantee,1
redheade,1
schoolgirl?strode,1
notes?create,1
lace?poppe,1
do?coexist,1
shirts?reworke,1
velvet?clustere,1
row?include,1
sapphire?mixe,1
frocks?presente,1
capp?gave,1
puccifie,1
champagne?chille,1
intermix,1
purloin,1
betwixt,1
newton?wa,1
fullness,1
curviform,1
obey,1
below?somethe,1
skirts?seeme,1
and?as,1
effect?showe,1
essay,1
defect,1
subordinate,1
lace?wa,1
architect?mappe,1
numbers?made,1
muggy,1
formulas?croppe,1
back?referre,1
sprint,1
branch?patterne,1
viva,1
end?base,1
garter,1
faint,1
show?stage,1
hall?wa,1
hopefuls?dresse,1
cha,1
bodysuite,1
dresses?some,1
pinafore,1
curve?wa,1
rove,1
nature,1
femininize,1
silver?looke,1
license,1
fluffer,1
deputize,1
forecast,1
owens?ha,1
pain,1
contemporize,1
knits?cavorte,1
outlast,1
tights?are,1
pigment,1
lights?prove,1
dawdle,1
famous?and,1
important?possesse,1
wouldn?t,1
rebalance,1
columns?toppe,1
formalwear,1
blue?gave,1
rollick,1
cozy,1
boots?complete,1
ordain,1
there?,1
collars?think,1
followed?include,1
dressy,1
statuette,1
trooper?,1
reclassify,1
deliberate,1
campaign,1
message,1
conundrum,1
bags?made,1
nonchallenge,1
else??a,1
yacht,1
engirdle,1
cloister,1
even?showe,1
grand?perfect,1
variety?enlivene,1
comey?s,1
gem,1
charmeuse,1
raffia?inspire,1
joyfully?recall,1
where?,1
foray,1
riffle,1
summer?s,1
season?did,1
spaghetti,1
pompons?ende,1
hyperventilate,1
clunk,1
glamour?somethe,1
fend,1
smith?inspire,1
night?re,1
swank,1
glamour,1
straps?just,1
expertise?wa,1
multicoloure,1
alabaster,1
hard?i,1
anthracite,1
reinvestigate,1
hoist,1
poolside,1
is?and,1
forbid!?almost,1
glitzfest,1
bags?outsize,1
summer,1
reds?inspire,1
fable,1
pirouette,1
horn,1
sle,1
cool?somethe,1
friends?around,1
fabrics?adde,1
leathers?that,1
growl,1
print?an,1
raggedy,1
mail,1
condemn,1
demolish,1
really?goe,1
diamond?sporte,1
girls?heade,1
kloss?walke,1
rhinestone,1
shoulder?had,1
rah?or,1
brights?inspire,1
purify,1
course?feature,1
preorder,1
was?even,1
untangle,1
knitted?use,1
bare,1
moor,1
scurry,1
slay,1
freedom?let,1
take?but,1
alreadycalle,1
system?allowe,1
broderie,1
blokhina?walke,1
shorts?wa,1
sliver,1
ab,1
gamble,1
lips?gave,1
headsswaddle,1
forevene,1
unexpected?come,1
that?did,1
unfreeze,1
spiffe,1
nomatter,1
values?which,1
but?dare,1
it??just,1
shorts?looke,1
bikinis?came,1
bushwhack,1
tarte,1
easy?perhap,1
tinkle,1
unstudie,1
ringlete,1
lather,1
dress?wa,1
season?all,1
girlfriends?on,1
abut,1
gist?that,1
ups?wa,1
boo,1
mouth,1
embroidery,1
corrugate,1
sound?and,1
fedora?underline,1
gowns?staye,1
suits?elongate,1
trousers?provide,1
territory?wa,1
extremities?fleece,1
unintellectualize,1
again?dangle,1
m?lange,1
ostrich?seeme,1
pointelle,1
jaw,1
silhouettes?carrie,1
chaperon,1
have?well,1
redden,1
ages?weare,1
unappeale,1
haremlike,1
suit?adde,1
baste,1
unsnap,1
sash?had,1
hotbe,1
micropleate,1
collate,1
mag,1
buttons?give,1
version,1
remotely?crashe,1
aqua,1
interiors?checkere,1
chandeliers?alternate,1
said?and,1
overexcite,1
dreamlike,1
bed,1
pristine,1
women?tailore,1
materials?include,1
sandpaper,1
motif?curlicue,1
chick,1
spout,1
bags?playe,1
trench?looke,1
livestreame,1
bags?keep,1
amaze,1
suicide,1
enough?nomad,1
saronglike,1
startedlooke,1
soakedup,1
constructedlooks?include,1
pink?but,1
hasdresse,1
bullshit,1
deduce,1
themselves?fade,1
mentor,1
jeans?take,1
runway?provide,1
shrimp,1
miyake,1
white?helpe,1
season?worth,1
gallow,1
savvy,1
brigade?have,1
zippered,1
dribble,1
grimy,1
ultrahigh,1
foam?shape,1
"earthbound""?referre",1
furbelowe,1
foolhardy,1
forgone,1
ruffs?capture,1
makeup?there,1
red?fell,1
saw?prize,1
thence,1
satisfy?hollywood,1
beamon?enjoye,1
black?enlivene,1
naturally?in,1
appear?in,1
alpaca,1
colors?ha,1
crystal?made,1
aeffe'slabel,1
really?make,1
dress?and,1
earre,1
youngerlooke,1
herrera,1
yamamoto?accompanie,1
conscript,1
striven,1
fishnet,1
lot,1
dress?had,1
been,1
silhouettes?divide,1
esteem,1
combo?worn,1
"street""?meane",1
ricochet,1
mouthwatere,1
bevel,1
hide?wa,1
friend,1
barefoot,1
fragment,1
legs?seeme,1
skirts?recalle,1
faze,1
lemons?wa,1
last?provide,1
slake,1
withenough,1
gray?set,1
bustiere,1
eroticize,1
show?intersperse,1
surplicelike,1
critique,1
maneuver,1
poignant?mirrore,1
compere,1
beachwear,1
playsuits?sometime,1
detonate,1
cutesy,1
withpadde,1
kimonos?include,1
ankle,1
dresses?patche,1
be?and,1
sequins?ride,1
empresse,1
grieve,1
season?regimente,1
-influence,1
ancien,1
again?wa,1
and?playe,1
bum,1
but?peppere,1
autopsy,1
frown,1
salivate,1
peppers?suggeste,1
monkeys?provide,1
whorls?there,1
conjoin,1
straighten,1
regiment,1
potter,1
retread,1
jersey,1
fern,1
control?wa,1
reemploye,1
remixers?seeme,1
discomfit,1
linens?followe,1
mainstay,1
print?inspire,1
extricate,1
pantsuit?croppe,1
rue,1
newsboy,1
hoicke,1
purist,1
wool?wa,1
love?not,1
dome,1
heels?wa,1
gone?feature,1
sparse,1
trousers?came,1
headband,1
not?now,1
quell,1
wallop,1
cajole,1
topknots?worke,1
guys?all,1
reteame,1
lapel?appeare,1
silk?wa,1
overdose,1
rescind,1
broker,1
lovin',1
eyeball,1
between?have,1
sea?imagine,1
dress?joine,1
crochet?nothe,1
precipitate,1
trousers?set,1
foulards?had,1
terrify,1
print?discovere,1
rykiel?wa,1
glued?interface,1
separates?include,1
unmove,1
sub,1
hula,1
shiny?from,1
cat,1
customers'?re,1
resound,1
shows?max,1
d?collet?-reveale,1
tulle?re,1
tones?were,1
soundtrack,1
parade?gave,1
steady,1
tawdry,1
intricately?cue,1
shift?gave,1
sputter,1
urbanite,1
case?wa,1
l.a.-base,1
kerchief,1
lain,1
bewitch,1
prints?uncomplicate,1
rosary,1
did?around,1
piggyback,1
jackets?cut,1
gussete,1
influential?wa,1
arrivals?washe,1
straps?have,1
midi?work,1
shore,1
age?happene,1
harboring,1
misinterpret,1
sully,1
engulf,1
employs?wa,1
djellabas,1
cogitate,1
detail?wa,1
girls?but,1
selling?were,1
green?wa,1
reorient,1
x,1
grade,1
girl?even,1
scrape,1
relent,1
strategize,1
celebrities?range,1
bequeath,1
tailoring?curve,1
bulge,1
exempt,1
prada?down,1
reconsolidate,1
outerwear?include,1
factory?provide,1
minidress?sewn,1
rebound,1
rehearse,1
dulled?made,1
amazing?spanne,1
chrome,1
befriend,1
clothes?checke,1
furs?treate,1
travail,1
scumble,1
knits?are,1
heritage?establishe,1
heft,1
leapfrog,1
stargaze,1
famously?or,1
unimpressive,1
ones?wa,1
far?is,1
silliness,1
scalelike,1
wimplelike,1
gypsy,1
wool?marche,1
bourgeois?wa,1
bluestocke,1
dresses?hacke,1
reveler?seeme,1
longtime,1
rejoin,1
illusion?tailore,1
normalize,1
regurgitate,1
jeopardize,1
overprice,1
internalize,1
went?include,1
hotte,1
emote,1
orange?had,1
allocate,1
retailore,1
headline,1
jackets?paire,1
voyage?had,1
caution,1
shivering?weare,1
wilderness,1
backwood,1
decadence,1
dice,1
traumatize,1
adroppe,1
peddle,1
pourquoi,1
rebrande,1
swig,1
swat,1
liquidate,1
news?include,1
times?one,1
ax,1
j'adore,1
tanks?heck,1
diamant?-dapple,1
stump,1
plackets?and,1
cringe,1
leggings?gave,1
fissure,1
divulge,1
atone,1
trousers?wa,1
choice,1
dimple,1
micro,1
mumsiness,1
betseye,1
be?quite,1
"ball""-shouldere",1
gruele,1
silhouettes?which,1
herself?shoe,1
minidress,1
row?shy,1
rewound,1
back?turne,1
sunbake,1
scruffe,1
capelete,1
vibe?one,1
exposed?felt,1
rejigger,1
heartwarme,1
foment,1
gargantuan,1
references?somethe,1
collection?quite,1
ascend,1
slalom,1
curtain,1
sparkle?even,1
lambast,1
insult,1
brief,1
neutralize,1
well?include,1
quash,1
dresses?showe,1
looks?layere,1
freelance,1
considerately?build,1
scrum,1
composition?undermine,1
anoraks?looke,1
out?sashaye,1
gowns?piece,1
bonnet?suggeste,1
starchy,1
collection?logo,1
topple,1
undercurrent?somethe,1
exhibit?suffuse,1
season?send,1
strong?but,1
zone,1
armorlike,1
now?they're,1
notes?and,1
style?had,1
poseur,1
baa,1
conjecture,1
allay,1
black?and,1
cashmere?croppe,1
upspringe,1
ribbon?looke,1
muffle,1
impact?with,1
femininity?wa,1
wrist,1
is?beccaria,1
grandiloquent,1
upset,1
blocklike,1
gigot,1
suffragette,1
that?steppe,1
dole,1
erstwhile,1
presage,1
skyrocket,1
himself?share,1
squall,1
preempt,1
desire?have,1
ysl?have,1
rock-'n'-roll,1
golf,1
slasher,1
rumor?worke,1
key?somethe,1
favors?now,1
insisted!?adde,1
earthle,1
hibernate,1
women?older,1
display?sporte,1
chandelier,1
intertwine,1
puzzlement,1
butt,1
pouf,1
notwithstanding?had,1
reprimand,1
dress?are,1
czarist,1
kee,1
florets?spirale,1
minnelli?in,1
naturally?let,1
notes?wa,1
pantsstudde,1
scribblelike,1
undressed?but,1
slew,1
most?because,1
catwalk?have,1
frenchify,1
streetwalk,1
elapse,1
counted?not,1
socks?adde,1
ombr?-tinte,1
purple,1
suture,1
roomier,1
cummerbunde,1
spurt,1
blooming?wa,1
terrycloth?accessorize,1
squares?pinne,1
spear,1
pantaloone,1
gowns?ran,1
remember?and,1
instance?resemble,1
rescreene,1
arriviste,1
placate,1
fire?starte,1
thinker,1
scad,1
scope,1
corsetiere,1
skirts?followe,1
gettingmarrie,1
jackets?playe,1
today?evidence,1
jockey,1
deceive,1
showtime,1
national?s,1
be?a,1
commandeer,1
and?a,1
architecture?,1
patchworks?circle,1
untouche,1
coats?include,1
penetrate,1
lampoon,1
slit?remaine,1
fluster,1
tradition?exemplifie,1
parka,1
resew,1
l.b.d.?had,1
"cited""apparition",1
lens,1
sidewalk,1
find?if,1
discharge,1
grate,1
granulate,1
limber,1
beleaguer,1
ladle,1
punish,1
symbol?inserte,1
batik,1
freestande,1
louis?colore,1
like?rounde,1
validate,1
followers?include,1
palermo?gathere,1
"sensual""?opene",1
fiftie,1
unspoole,1
sheath,1
gauzy,1
yarn,1
hemline,1
choose?from,1
cauterize,1
turf,1
exists?and,1
feminine,1
ago?more,1
becontinuing,1
determinedly?make,1
beachwear?it,1
pals?awaite,1
petere,1
pinwheel,1
missteppe,1
collection?after,1
rickrack,1
unchallenge,1
chokerlike,1
demente,1
bewilder,1
drawstringe,1
torsoe,1
josh,1
guinness?made,1
scrimmage,1
coincidence,1
kirkwood?a,1
too?replace,1
rosette,1
many?oversize,1
underwrite,1
earlobe,1
hussar,1
precision?piece,1
d?grad?-shade,1
transcendence,1
ankles?compounde,1
black?playe,1
clouds?cue,1
iron?wa,1
shape?high,1
snoute,1
debutante,1
plaid?kept,1
blogge,1
chic?tailore,1
whiten,1
barren,1
beruffle,1
demand?fell,1
plead,1
wearable?while,1
coats?paire,1
partie,1
swizzle,1
razzmatazz?louis,1
pants?had,1
elements?buckle,1
version?wa,1
count?decorate,1
dressmaker?followe,1
flowers?relye,1
always?except,1
nuke,1
rumors?cause,1
was?looke,1
rerelease,1
fashion?make,1
munch,1
dresses?were,1
coat?suggeste,1
dehumanize,1
which?despite,1
quarrel,1
overstep,1
eighties?ruffle,1
grungy,1
end?particularly,1
dress?albeit,1
convene,1
shellac,1
principle?wa,1
appetize,1
shoulder?looke,1
checkerboarde,1
ration,1
embroiderie,1
ribbons?prove,1
excavate,1
reassign,1
classy,1
bottles?packe,1
lynx,1
journey,1
soldier,1
clothes?everythe,1
pops?prove,1
black?were,1
matters?and,1
accessories?include,1
reread,1
too?take,1
directors?weare,1
motifs?simplifie,1
thumb,1
capelike,1
decade,1
prudent,1
pashminalike,1
buddie,1
venerate,1
stones?drew,1
insulate,1
cart,1
updo,1
wilder,1
mauve?and,1
yellow?flashe,1
chide,1
grain,1
pants?still,1
stripes?showcase,1
r?is?n,1
flog,1
patterns?from,1
dicey,1
erichsen,1
magnetize,1
racier,1
craves?see,1
bobbed,1
print?crosse,1
vet,1
ysl,1
cobwebbe,1
wicke,1
cosmopolitan,1
ceaseless,1
standoffish,1
protract,1
jigsaw,1
crick,1
page?ha,1
replay,1
rinse,1
chlo,1
slubbe,1
backdrop?aime,1
makeup?adde,1
standby,1
appeal?include,1
that?mercifully?is,1
necessitate,1
acclaim,1
openwork,1
domicile,1
voodoo,1
trend)?rendere,1
fall?save,1
disclose,1
subtext?fitte,1
absent,1
blond,1
walked?wa,1
embroil,1
shudder,1
will,1
something?perhap,1
tailoring?somethe,1
coats?wa,1
"words?""juxtapose",1
new?inflate,1
trundle,1
chanel,1
maxidresse,1
squash,1
and?get,1
sooo,1
coyote,1
things?say,1
stilte,1
pieces?include,1
gown?felt,1
travel?ergo,1
th?allet,1
konke,1
lunched?and,1
fun,1
scrimp,1
"show""?hung",1
threadbare,1
trudge,1
fabulousness?gave,1
skill,1
rolf?wa,1
femininity?somethe,1
caw,1
rot,1
by?wa,1
rebirthe,1
match?tilted,1
before?more,1
aside?were,1
desaturate,1
messieur,1
disarrange,1
elise,1
whitecap,1
stretchy,1
example?prove,1
outclass,1
evening?an,1
betts)?wa,1
topper,1
unwound,1
innerwear,1
venues?like,1
keel,1
slosh,1
partygoe,1
guipure,1
uncontrive,1
spook,1
feze,1
that?nice,1
were?looked,1
squat,1
scott?known,1
pardon,1
s.,1
hunger,1
bewimple,1
cave,1
hazard,1
